Workbook

Sheet Dashboard
A1: PURCHASE ORDER DASHBOARD
A2: Live summary of purchasing activity • Sample data included.
A4: TOTAL PURCHASE ORDERS | C4: TOTAL PO VALUE (SAR) | E4: OVERDUE ORDERS | G4: COMPLETION RATE
A5: =COUNTIF('Purchase Orders'!$A$5:$A$504,"<>") -> 8 | C5: =SUM('Purchase Orders'!$J$5:$J$504) -> 44440 | E5: =COUNTIF('Purchase Orders'!$N$5:$N$504,"Overdue")+COUNTIF('Purchase Orders'!$N$5:$N$504,"Overdue - Partial") -> 4 | G5: =IFERROR(COUNTIF('Purchase Orders'!$N$5:$N$504,"Complete")/COUNTIF('Purchase Orders'!$A$5:$A$504,"<>"),0) -> 0.125
A9: ORDER STATUS SUMMARY | E9: DELIVERY & QUANTITY METRICS
A10: Status | B10: Count | C10: Share | E10: Total ordered quantity | H10: =SUM('Purchase Orders'!$H$5:$H$504) -> 694
A11: Scheduled | B11: =COUNTIF('Purchase Orders'!$N$5:$N$504,A11) -> 2 | C11: =IFERROR(B11/$A$5,0) -> 0.25 | E11: Total received quantity | H11: =SUM('Purchase Orders'!$K$5:$K$504) -> 295
A12: Partially Received | B12: =COUNTIF('Purchase Orders'!$N$5:$N$504,A12) -> 1 | C12: =IFERROR(B12/$A$5,0) -> 0.125 | E12: Total outstanding quantity | H12: =SUM('Purchase Orders'!$L$5:$L$504) -> 399
A13: Overdue | B13: =COUNTIF('Purchase Orders'!$N$5:$N$504,A13) -> 1 | C13: =IFERROR(B13/$A$5,0) -> 0.125 | E13: Received value (approx.) | H13: =SUMPRODUCT('Purchase Orders'!$K$5:$K$504,'Purchase Orders'!$I$5:$I$504) -> 18125
A14: Overdue - Partial | B14: =COUNTIF('Purchase Orders'!$N$5:$N$504,A14) -> 3 | C14: =IFERROR(B14/$A$5,0) -> 0.375
A15: Complete | B15: =COUNTIF('Purchase Orders'!$N$5:$N$504,A15) -> 1 | C15: =IFERROR(B15/$A$5,0) -> 0.125
A16: Incomplete | B16: =COUNTIF('Purchase Orders'!$N$5:$N$504,A16) -> 0 | C16: =IFERROR(B16/$A$5,0) -> 0
A17: Over-received | B17: =COUNTIF('Purchase Orders'!$N$5:$N$504,A17) -> 0 | C17: =IFERROR(B17/$A$5,0) -> 0
A20: Follow-up tip: Filter Purchase Orders by Status to prioritize overdue orders and supplier calls.

Sheet Purchase Orders
A1: PURCHASE ORDER TRACKER
A2: Enter details in blue cells. Gray cells are calculated automatically.
A4: PO Number | B4: Supplier ID | C4: Supplier Name | D4: Item / Description | E4: Category | F4: Order Date | G4: Promised Delivery Date | H4: Ordered Qty | I4: Unit Price (SAR) | J4: PO Value (SAR) | K4: Received Qty | L4: Remaining Qty | M4: Latest Receipt Date | N4: Status | O4: Days Late | P4: Notes
A5: PO-2026-001 | B5: SUP-001 | C5: =IFERROR(INDEX(Suppliers!$B$5:$B$104,MATCH(B5,Suppliers!$A$5:$A$104,0)),"") -> Northstar Industrial Supplies | D5: Industrial fasteners | E5: Industrial supplies | F5: 46285 | G5: 46300 | H5: 100 | I5: 125 | J5: =IF(OR(H5="",I5=""),"",H5*I5) -> 12500 | K5: =IF(A5="","",SUMIF(Receipts!$B$5:$B$510,A5,Receipts!$D$5:$D$510)) -> 100 | L5: =IF(A5="","",MAX(0,H5-K5)) -> 0 | M5: =IFERROR(LOOKUP(2,1/(Receipts!$B$5:$B$510=A5),Receipts!$C$5:$C$510),"") -> 46303 | N5: =IF(A5="","",IF(OR(H5="",G5=""),"Incomplete",IF(K5>H5,"Over-received",IF(L5=0,"Complete",IF(K5>0,IF(G5<TODAY(),"Overdue - Partial","Partially Received"),IF(G5<TODAY(),"Overdue","Scheduled")))))) -> Complete | O5: =IF(OR(A5="",L5=0,G5=""),"",MAX(0,TODAY()-G5)) | P5: Sample: fully received
A6: PO-2026-002 | B6: SUP-003 | C6: =IFERROR(INDEX(Suppliers!$B$5:$B$104,MATCH(B6,Suppliers!$A$5:$A$104,0)),"") -> Eastern Packaging Co. | D6: Packaging cartons | E6: Packaging | F6: 46287 | G6: 46302 | H6: 80 | I6: 45 | J6: =IF(OR(H6="",I6=""),"",H6*I6) -> 3600 | K6: =IF(A6="","",SUMIF(Receipts!$B$5:$B$510,A6,Receipts!$D$5:$D$510)) -> 25 | L6: =IF(A6="","",MAX(0,H6-K6)) -> 55 | M6: =IFERROR(LOOKUP(2,1/(Receipts!$B$5:$B$510=A6),Receipts!$C$5:$C$510),"") -> 46300 | N6: =IF(A6="","",IF(OR(H6="",G6=""),"Incomplete",IF(K6>H6,"Over-received",IF(L6=0,"Complete",IF(K6>0,IF(G6<TODAY(),"Overdue - Partial","Partially Received"),IF(G6<TODAY(),"Overdue","Scheduled")))))) -> Overdue - Partial | O6: =IF(OR(A6="",L6=0,G6=""),"",MAX(0,TODAY()-G6)) -> 8 | P6: Sample: overdue partial receipt
A7: PO-2026-003 | B7: SUP-002 | C7: =IFERROR(INDEX(Suppliers!$B$5:$B$104,MATCH(B7,Suppliers!$A$5:$A$104,0)),"") -> Gulf Office Solutions | D7: Office paper boxes | E7: Office supplies | F7: 46296 | G7: 46320 | H7: 200 | I7: 18 | J7: =IF(OR(H7="",I7=""),"",H7*I7) -> 3600 | K7: =IF(A7="","",SUMIF(Receipts!$B$5:$B$510,A7,Receipts!$D$5:$D$510)) -> 100 | L7: =IF(A7="","",MAX(0,H7-K7)) -> 100 | M7: =IFERROR(LOOKUP(2,1/(Receipts!$B$5:$B$510=A7),Receipts!$C$5:$C$510),"") -> 46305 | N7: =IF(A7="","",IF(OR(H7="",G7=""),"Incomplete",IF(K7>H7,"Over-received",IF(L7=0,"Complete",IF(K7>0,IF(G7<TODAY(),"Overdue - Partial","Partially Received"),IF(G7<TODAY(),"Overdue","Scheduled")))))) -> Partially Received | O7: =IF(OR(A7="",L7=0,G7=""),"",MAX(0,TODAY()-G7)) -> 0 | P7: Sample: partial receipt, not yet due
A8: PO-2026-004 | B8: SUP-004 | C8: =IFERROR(INDEX(Suppliers!$B$5:$B$104,MATCH(B8,Suppliers!$A$5:$A$104,0)),"") -> BlueLine Safety Equipment | D8: Safety gloves | E8: Safety equipment | F8: 46298 | G8: 46307 | H8: 150 | I8: 32 | J8: =IF(OR(H8="",I8=""),"",H8*I8) -> 4800 | K8: =IF(A8="","",SUMIF(Receipts!$B$5:$B$510,A8,Receipts!$D$5:$D$510)) -> 50 | L8: =IF(A8="","",MAX(0,H8-K8)) -> 100 | M8: =IFERROR(LOOKUP(2,1/(Receipts!$B$5:$B$510=A8),Receipts!$C$5:$C$510),"") -> 46307 | N8: =IF(A8="","",IF(OR(H8="",G8=""),"Incomplete",IF(K8>H8,"Over-received",IF(L8=0,"Complete",IF(K8>0,IF(G8<TODAY(),"Overdue - Partial","Partially Received"),IF(G8<TODAY(),"Overdue","Scheduled")))))) -> Overdue - Partial | O8: =IF(OR(A8="",L8=0,G8=""),"",MAX(0,TODAY()-G8)) -> 3 | P8: Sample: overdue partial receipt
A9: PO-2026-005 | B9: SUP-005 | C9: =IFERROR(INDEX(Suppliers!$B$5:$B$104,MATCH(B9,Suppliers!$A$5:$A$104,0)),"") -> Desert Tech Components | D9: Network adapters | E9: IT components | F9: 46307 | G9: 46323 | H9: 30 | I9: 210 | J9: =IF(OR(H9="",I9=""),"",H9*I9) -> 6300 | K9: =IF(A9="","",SUMIF(Receipts!$B$5:$B$510,A9,Receipts!$D$5:$D$510)) -> 0 | L9: =IF(A9="","",MAX(0,H9-K9)) -> 30 | M9: =IFERROR(LOOKUP(2,1/(Receipts!$B$5:$B$510=A9),Receipts!$C$5:$C$510),"") | N9: =IF(A9="","",IF(OR(H9="",G9=""),"Incomplete",IF(K9>H9,"Over-received",IF(L9=0,"Complete",IF(K9>0,IF(G9<TODAY(),"Overdue - Partial","Partially Received"),IF(G9<TODAY(),"Overdue","Scheduled")))))) -> Scheduled | O9: =IF(OR(A9="",L9=0,G9=""),"",MAX(0,TODAY()-G9)) -> 0 | P9: Sample: scheduled
A10: PO-2026-006 | B10: SUP-001 | C10: =IFERROR(INDEX(Suppliers!$B$5:$B$104,MATCH(B10,Suppliers!$A$5:$A$104,0)),"") -> Northstar Industrial Supplies | D10: Protective eyewear | E10: Safety equipment | F10: 46299 | G10: 46309 | H10: 60 | I10: 55 | J10: =IF(OR(H10="",I10=""),"",H10*I10) -> 3300 | K10: =IF(A10="","",SUMIF(Receipts!$B$5:$B$510,A10,Receipts!$D$5:$D$510)) -> 20 | L10: =IF(A10="","",MAX(0,H10-K10)) -> 40 | M10: =IFERROR(LOOKUP(2,1/(Receipts!$B$5:$B$510=A10),Receipts!$C$5:$C$510),"") -> 46308 | N10: =IF(A10="","",IF(OR(H10="",G10=""),"Incomplete",IF(K10>H10,"Over-received",IF(L10=0,"Complete",IF(K10>0,IF(G10<TODAY(),"Overdue - Partial","Partially Received"),IF(G10<TODAY(),"Overdue","Scheduled")))))) -> Overdue - Partial | O10: =IF(OR(A10="",L10=0,G10=""),"",MAX(0,TODAY()-G10)) -> 1 | P10: Sample: partial receipt
A11: PO-2026-007 | B11: SUP-002 | C11: =IFERROR(INDEX(Suppliers!$B$5:$B$104,MATCH(B11,Suppliers!$A$5:$A$104,0)),"") -> Gulf Office Solutions | D11: Printer toner | E11: Office supplies | F11: 46308 | G11: 46315 | H11: 24 | I11: 285 | J11: =IF(OR(H11="",I11=""),"",H11*I11) -> 6840 | K11: =IF(A11="","",SUMIF(Receipts!$B$5:$B$510,A11,Receipts!$D$5:$D$510)) -> 0 | L11: =IF(A11="","",MAX(0,H11-K11)) -> 24 | M11: =IFERROR(LOOKUP(2,1/(Receipts!$B$5:$B$510=A11),Receipts!$C$5:$C$510),"") | N11: =IF(A11="","",IF(OR(H11="",G11=""),"Incomplete",IF(K11>H11,"Over-received",IF(L11=0,"Complete",IF(K11>0,IF(G11<TODAY(),"Overdue - Partial","Partially Received"),IF(G11<TODAY(),"Overdue","Scheduled")))))) -> Scheduled | O11: =IF(OR(A11="",L11=0,G11=""),"",MAX(0,TODAY()-G11)) -> 0 | P11: Sample: scheduled
A12: PO-2026-008 | B12: SUP-003 | C12: =IFERROR(INDEX(Suppliers!$B$5:$B$104,MATCH(B12,Suppliers!$A$5:$A$104,0)),"") -> Eastern Packaging Co. | D12: Stretch film rolls | E12: Packaging | F12: 46296 | G12: 46304 | H12: 50 | I12: 70 | J12: =IF(OR(H12="",I12=""),"",H12*I12) -> 3500 | K12: =IF(A12="","",SUMIF(Receipts!$B$5:$B$510,A12,Receipts!$D$5:$D$510)) -> 0 | L12: =IF(A12="","",MAX(0,H12-K12)) -> 50 | M12: =IFERROR(LOOKUP(2,1/(Receipts!$B$5:$B$510=A12),Receipts!$C$5:$C$510),"") | N12: =IF(A12="","",IF(OR(H12="",G12=""),"Incomplete",IF(K12>H12,"Over-received",IF(L12=0,"Complete",IF(K12>0,IF(G12<TODAY(),"Overdue - Partial","Partially Received"),IF(G12<TODAY(),"Overdue","Scheduled")))))) -> Overdue | O12: =IF(OR(A12="",L12=0,G12=""),"",MAX(0,TODAY()-G12)) -> 6 | P12: Sample: overdue with no receipt
M13: =IF(COUNTIF(Receipts!$B$5:$B$510,A17)=0,"",IFERROR(LOOKUP(2,1/(Receipts!$B$5:$B$510=A17),Receipts!$C$5:$C$510),""))
C14: =IFERROR(INDEX(Suppliers!$B$5:$B$104,MATCH(B14,Suppliers!$A$5:$A$104,0)),"") | J14: =IF(OR(H14="",I14=""),"",H14*I14) | K14: =IF(A14="","",SUMIF(Receipts!$B$5:$B$510,A14,Receipts!$D$5:$D$510)) | L14: =IF(A14="","",MAX(0,H14-K14)) | M14: =IF(COUNTIF(Receipts!$B$5:$B$510,A14)=0,"",IFERROR(LOOKUP(2,1/(Receipts!$B$5:$B$510=A14),Receipts!$C$5:$C$510),"")) | N14: =IF(A14="","",IF(OR(H14="",G14=""),"Incomplete",IF(K14>H14,"Over-received",IF(L14=0,"Complete",IF(K14>0,IF(G14<TODAY(),"Overdue - Partial","Partially Received"),IF(G14<TODAY(),"Overdue","Scheduled")))))) | O14: =IF(OR(A14="",L14=0,G14=""),"",MAX(0,TODAY()-G14))
C15: =IFERROR(INDEX(Suppliers!$B$5:$B$104,MATCH(B15,Suppliers!$A$5:$A$104,0)),"") | J15: =IF(OR(H15="",I15=""),"",H15*I15) | K15: =IF(A15="","",SUMIF(Receipts!$B$5:$B$510,A15,Receipts!$D$5:$D$510)) | L15: =IF(A15="","",MAX(0,H15-K15)) | M15: =IF(COUNTIF(Receipts!$B$5:$B$510,A15)=0,"",IFERROR(LOOKUP(2,1/(Receipts!$B$5:$B$510=A15),Receipts!$C$5:$C$510),"")) | N15: =IF(A15="","",IF(OR(H15="",G15=""),"Incomplete",IF(K15>H15,"Over-received",IF(L15=0,"Complete",IF(K15>0,IF(G15<TODAY(),"Overdue - Partial","Partially Received"),IF(G15<TODAY(),"Overdue","Scheduled")))))) | O15: =IF(OR(A15="",L15=0,G15=""),"",MAX(0,TODAY()-G15))
C16: =IFERROR(INDEX(Suppliers!$B$5:$B$104,MATCH(B16,Suppliers!$A$5:$A$104,0)),"") | J16: =IF(OR(H16="",I16=""),"",H16*I16) | K16: =IF(A16="","",SUMIF(Receipts!$B$5:$B$510,A16,Receipts!$D$5:$D$510)) | L16: =IF(A16="","",MAX(0,H16-K16)) | M16: =IF(COUNTIF(Receipts!$B$5:$B$510,A16)=0,"",IFERROR(LOOKUP(2,1/(Receipts!$B$5:$B$510=A16),Receipts!$C$5:$C$510),"")) | N16: =IF(A16="","",IF(OR(H16="",G16=""),"Incomplete",IF(K16>H16,"Over-received",IF(L16=0,"Complete",IF(K16>0,IF(G16<TODAY(),"Overdue - Partial","Partially Received"),IF(G16<TODAY(),"Overdue","Scheduled")))))) | O16: =IF(OR(A16="",L16=0,G16=""),"",MAX(0,TODAY()-G16))
C17: =IFERROR(INDEX(Suppliers!$B$5:$B$104,MATCH(B17,Suppliers!$A$5:$A$104,0)),"") | J17: =IF(OR(H17="",I17=""),"",H17*I17) | K17: =IF(A17="","",SUMIF(Receipts!$B$5:$B$510,A17,Receipts!$D$5:$D$510)) | L17: =IF(A17="","",MAX(0,H17-K17)) | M17: =IF(COUNTIF(Receipts!$B$5:$B$510,A17)=0,"",IFERROR(LOOKUP(2,1/(Receipts!$B$5:$B$510=A17),Receipts!$C$5:$C$510),"")) | N17: =IF(A17="","",IF(OR(H17="",G17=""),"Incomplete",IF(K17>H17,"Over-received",IF(L17=0,"Complete",IF(K17>0,IF(G17<TODAY(),"Overdue - Partial","Partially Received"),IF(G17<TODAY(),"Overdue","Scheduled")))))) | O17: =IF(OR(A17="",L17=0,G17=""),"",MAX(0,TODAY()-G17))
C18: =IFERROR(INDEX(Suppliers!$B$5:$B$104,MATCH(B18,Suppliers!$A$5:$A$104,0)),"") | J18: =IF(OR(H18="",I18=""),"",H18*I18) | K18: =IF(A18="","",SUMIF(Receipts!$B$5:$B$510,A18,Receipts!$D$5:$D$510)) | L18: =IF(A18="","",MAX(0,H18-K18)) | M18: =IF(COUNTIF(Receipts!$B$5:$B$510,A18)=0,"",IFERROR(LOOKUP(2,1/(Receipts!$B$5:$B$510=A18),Receipts!$C$5:$C$510),"")) | N18: =IF(A18="","",IF(OR(H18="",G18=""),"Incomplete",IF(K18>H18,"Over-received",IF(L18=0,"Complete",IF(K18>0,IF(G18<TODAY(),"Overdue - Partial","Partially Received"),IF(G18<TODAY(),"Overdue","Scheduled")))))) | O18: =IF(OR(A18="",L18=0,G18=""),"",MAX(0,TODAY()-G18))
C19: =IFERROR(INDEX(Suppliers!$B$5:$B$104,MATCH(B19,Suppliers!$A$5:$A$104,0)),"") | J19: =IF(OR(H19="",I19=""),"",H19*I19) | K19: =IF(A19="","",SUMIF(Receipts!$B$5:$B$510,A19,Receipts!$D$5:$D$510)) | L19: =IF(A19="","",MAX(0,H19-K19)) | M19: =IF(COUNTIF(Receipts!$B$5:$B$510,A19)=0,"",IFERROR(LOOKUP(2,1/(Receipts!$B$5:$B$510=A19),Receipts!$C$5:$C$510),"")) | N19: =IF(A19="","",IF(OR(H19="",G19=""),"Incomplete",IF(K19>H19,"Over-received",IF(L19=0,"Complete",IF(K19>0,IF(G19<TODAY(),"Overdue - Partial","Partially Received"),IF(G19<TODAY(),"Overdue","Scheduled")))))) | O19: =IF(OR(A19="",L19=0,G19=""),"",MAX(0,TODAY()-G19))
C20: =IFERROR(INDEX(Suppliers!$B$5:$B$104,MATCH(B20,Suppliers!$A$5:$A$104,0)),"") | J20: =IF(OR(H20="",I20=""),"",H20*I20) | K20: =IF(A20="","",SUMIF(Receipts!$B$5:$B$510,A20,Receipts!$D$5:$D$510)) | L20: =IF(A20="","",MAX(0,H20-K20)) | M20: =IF(COUNTIF(Receipts!$B$5:$B$510,A20)=0,"",IFERROR(LOOKUP(2,1/(Receipts!$B$5:$B$510=A20),Receipts!$C$5:$C$510),"")) | N20: =IF(A20="","",IF(OR(H20="",G20=""),"Incomplete",IF(K20>H20,"Over-received",IF(L20=0,"Complete",IF(K20>0,IF(G20<TODAY(),"Overdue - Partial","Partially Received"),IF(G20<TODAY(),"Overdue","Scheduled")))))) | O20: =IF(OR(A20="",L20=0,G20=""),"",MAX(0,TODAY()-G20))
C21: =IFERROR(INDEX(Suppliers!$B$5:$B$104,MATCH(B21,Suppliers!$A$5:$A$104,0)),"") | J21: =IF(OR(H21="",I21=""),"",H21*I21) | K21: =IF(A21="","",SUMIF(Receipts!$B$5:$B$510,A21,Receipts!$D$5:$D$510)) | L21: =IF(A21="","",MAX(0,H21-K21)) | M21: =IF(COUNTIF(Receipts!$B$5:$B$510,A21)=0,"",IFERROR(LOOKUP(2,1/(Receipts!$B$5:$B$510=A21),Receipts!$C$5:$C$510),"")) | N21: =IF(A21="","",IF(OR(H21="",G21=""),"Incomplete",IF(K21>H21,"Over-received",IF(L21=0,"Complete",IF(K21>0,IF(G21<TODAY(),"Overdue - Partial","Partially Received"),IF(G21<TODAY(),"Overdue","Scheduled")))))) | O21: =IF(OR(A21="",L21=0,G21=""),"",MAX(0,TODAY()-G21))
C22: =IFERROR(INDEX(Suppliers!$B$5:$B$104,MATCH(B22,Suppliers!$A$5:$A$104,0)),"") | J22: =IF(OR(H22="",I22=""),"",H22*I22) | K22: =IF(A22="","",SUMIF(Receipts!$B$5:$B$510,A22,Receipts!$D$5:$D$510)) | L22: =IF(A22="","",MAX(0,H22-K22)) | M22: =IF(COUNTIF(Receipts!$B$5:$B$510,A22)=0,"",IFERROR(LOOKUP(2,1/(Receipts!$B$5:$B$510=A22),Receipts!$C$5:$C$510),"")) | N22: =IF(A22="","",IF(OR(H22="",G22=""),"Incomplete",IF(K22>H22,"Over-received",IF(L22=0,"Complete",IF(K22>0,IF(G22<TODAY(),"Overdue - Partial","Partially Received"),IF(G22<TODAY(),"Overdue","Scheduled")))))) | O22: =IF(OR(A22="",L22=0,G22=""),"",MAX(0,TODAY()-G22))
C23: =IFERROR(INDEX(Suppliers!$B$5:$B$104,MATCH(B23,Suppliers!$A$5:$A$104,0)),"") | J23: =IF(OR(H23="",I23=""),"",H23*I23) | K23: =IF(A23="","",SUMIF(Receipts!$B$5:$B$510,A23,Receipts!$D$5:$D$510)) | L23: =IF(A23="","",MAX(0,H23-K23)) | M23: =IF(COUNTIF(Receipts!$B$5:$B$510,A23)=0,"",IFERROR(LOOKUP(2,1/(Receipts!$B$5:$B$510=A23),Receipts!$C$5:$C$510),"")) | N23: =IF(A23="","",IF(OR(H23="",G23=""),"Incomplete",IF(K23>H23,"Over-received",IF(L23=0,"Complete",IF(K23>0,IF(G23<TODAY(),"Overdue - Partial","Partially Received"),IF(G23<TODAY(),"Overdue","Scheduled")))))) | O23: =IF(OR(A23="",L23=0,G23=""),"",MAX(0,TODAY()-G23))
C24: =IFERROR(INDEX(Suppliers!$B$5:$B$104,MATCH(B24,Suppliers!$A$5:$A$104,0)),"") | J24: =IF(OR(H24="",I24=""),"",H24*I24) | K24: =IF(A24="","",SUMIF(Receipts!$B$5:$B$510,A24,Receipts!$D$5:$D$510)) | L24: =IF(A24="","",MAX(0,H24-K24)) | M24: =IF(COUNTIF(Receipts!$B$5:$B$510,A24)=0,"",IFERROR(LOOKUP(2,1/(Receipts!$B$5:$B$510=A24),Receipts!$C$5:$C$510),"")) | N24: =IF(A24="","",IF(OR(H24="",G24=""),"Incomplete",IF(K24>H24,"Over-received",IF(L24=0,"Complete",IF(K24>0,IF(G24<TODAY(),"Overdue - Partial","Partially Received"),IF(G24<TODAY(),"Overdue","Scheduled")))))) | O24: =IF(OR(A24="",L24=0,G24=""),"",MAX(0,TODAY()-G24))
C25: =IFERROR(INDEX(Suppliers!$B$5:$B$104,MATCH(B25,Suppliers!$A$5:$A$104,0)),"") | J25: =IF(OR(H25="",I25=""),"",H25*I25) | K25: =IF(A25="","",SUMIF(Receipts!$B$5:$B$510,A25,Receipts!$D$5:$D$510)) | L25: =IF(A25="","",MAX(0,H25-K25)) | M25: =IF(COUNTIF(Receipts!$B$5:$B$510,A25)=0,"",IFERROR(LOOKUP(2,1/(Receipts!$B$5:$B$510=A25),Receipts!$C$5:$C$510),"")) | N25: =IF(A25="","",IF(OR(H25="",G25=""),"Incomplete",IF(K25>H25,"Over-received",IF(L25=0,"Complete",IF(K25>0,IF(G25<TODAY(),"Overdue - Partial","Partially Received"),IF(G25<TODAY(),"Overdue","Scheduled")))))) | O25: =IF(OR(A25="",L25=0,G25=""),"",MAX(0,TODAY()-G25))
... C504: =IFERROR(INDEX(Suppliers!$B$5:$B$104,MATCH(B504,Suppliers!$A$5:$A$104,0)),"") | J504: =IF(OR(H504="",I504=""),"",H504*I504) | K504: =IF(A504="","",SUMIF(Receipts!$B$5:$B$510,A504,Receipts!$D$5:$D$510)) | L504: =IF(A504="","",MAX(0,H504-K504)) | M504: =IF(COUNTIF(Receipts!$B$5:$B$510,A504)=0,"",IFERROR(LOOKUP(2,1/(Receipts!$B$5:$B$510=A504),Receipts!$C$5:$C$510),"")) | N504: =IF(A504="","",IF(OR(H504="",G504=""),"Incomplete",IF(K504>H504,"Over-received",IF(L504=0,"Complete",IF(K504>0,IF(G504<TODAY(),"Overdue - Partial","Partially Received"),IF(G504<TODAY(),"Overdue","Scheduled")))))) | O504: =IF(OR(A504="",L504=0,G504=""),"",MAX(0,TODAY()-G504))

Sheet Receipts
A1: GOODS RECEIPT LOG
A2: Record every delivery separately. Use one row per receipt event.
A4: Receipt ID | B4: PO Number | C4: Receipt Date | D4: Quantity Received | E4: Received By | F4: Notes
A5: GR-0001 | B5: PO-2026-001 | C5: 46297 | D5: 40 | E5: A. Buyer | F5: First delivery
A6: GR-0002 | B6: PO-2026-001 | C6: 46303 | D6: 60 | E6: A. Buyer | F6: Balance received
A7: GR-0003 | B7: PO-2026-002 | C7: 46300 | D7: 25 | E7: A. Buyer | F7: Partial delivery
A8: GR-0004 | B8: PO-2026-003 | C8: 46305 | D8: 100 | E8: A. Buyer | F8: First delivery
A9: GR-0005 | B9: PO-2026-004 | C9: 46307 | D9: 50 | E9: A. Buyer | F9: Partial delivery
A10: GR-0006 | B10: PO-2026-006 | C10: 46308 | D10: 20 | E10: A. Buyer | F10: Partial delivery

Sheet Suppliers
A1: SUPPLIER DIRECTORY
A2: Maintain supplier details here. Supplier IDs must be unique.
A4: Supplier ID | B4: Supplier Name | C4: Contact Name | D4: Phone | E4: Email | F4: Supply Category | G4: Typical Lead Time (Days) | H4: Supplier Rating (1-5)
A5: SUP-001 | B5: Northstar Industrial Supplies | C5: M. Hassan | D5: +966 5X XXX XXXX | E5: orders@northstar.example | F5: Industrial supplies | G5: 7 | H5: 4
A6: SUP-002 | B6: Gulf Office Solutions | C6: A. Salem | D6: +966 5X XXX XXXX | E6: sales@gulfoffice.example | F6: Office supplies | G6: 4 | H6: 5
A7: SUP-003 | B7: Eastern Packaging Co. | C7: R. Khalid | D7: +966 5X XXX XXXX | E7: sales@easternpack.example | F7: Packaging | G7: 10 | H7: 3
A8: SUP-004 | B8: BlueLine Safety Equipment | C8: S. Omar | D8: +966 5X XXX XXXX | E8: procurement@blueline.example | F8: Safety equipment | G8: 5 | H8: 4
A9: SUP-005 | B9: Desert Tech Components | C9: N. Ali | D9: +966 5X XXX XXXX | E9: orders@deserttech.example | F9: IT components | G9: 14 | H9: 3

Sheet Read Me
A1: USER GUIDE
A2: Quick-start instructions and assumptions.
A4: 1. Start here | B4: Review sample data, then replace it with your own. Blue cells are for manual input; gray cells contain formulas.
A5: 2. Supplier setup | B5: Add suppliers in Suppliers. Supplier IDs must be unique. Select the matching Supplier ID in Purchase Orders.
A6: 3. Create a PO | B6: Enter a unique PO Number, Supplier ID, item, category, order date, promised date, ordered quantity, and unit price.
A7: 4. Record deliveries | B7: Each delivery gets its own row in Receipts. Use the exact PO Number and enter receipt date and quantity.
A8: 5. Status logic | B8: Incomplete = required quantity or promised date is missing. Over-received = receipts exceed ordered quantity. Complete = all ordered quantity received without over-receipt. Partial statuses depend on whether the promised date has passed. No receipt after the promised date = Overdue; otherwise Scheduled.
A9: 6. Remaining quantity | B9: Remaining Qty = MAX(Ordered Qty - Total Qty Received, 0). Over-receipts are flagged for review.
A10: 7. Dashboard | B10: The dashboard updates when Excel recalculates. Completion Rate = complete orders divided by all entered PO Numbers.
A11: 8. Date behavior | B11: Overdue status uses TODAY(), so it changes as the date changes. Excel recalculates formulas when opened.
A12: 9. Compatibility | B12: Supplier Name uses INDEX/MATCH for broader Excel compatibility. Formula separators can vary by regional settings.
A13: 10. Limitations | B13: This is an Excel tracker, not an ERP. It does not send emails, approve purchases, or enforce company policy.
A14: 11. Currency | B14: Amounts are displayed in SAR. Change number formats if needed.
A15: 12. Test before use | B15: Test complete, partial, overdue, no-receipt, and over-receipt scenarios before using live data. Keep a backup.
